id,first_name,last_name,email,gender,phone
1,Fidel,Ferriby,fferriby0@hhs.gov,Male,149-915-3119
2,Cori,Pearse,cpearse1@fastcompany.com,Bigender,908-798-4709
3,Marris,Forber,mforber2@diigo.com,Polygender,118-941-2755
4,Eula,Rivelin,erivelin3@privacy.gov.au,Male,730-770-3420
5,Brit,Davidsohn,bdavidsohn4@chronoengine.com,Genderqueer,807-928-5950
6,Abel,Vasyagin,avasyagin5@slashdot.org,Genderfluid,212-581-9842
7,Sharla,Guesford,sguesford6@ca.gov,Male,118-997-0369
8,Aidan,Morfett,amorfett7@addthis.com,Polygender,204-309-5856
9,Binny,Grewer,bgrewer8@samsung.com,Female,376-630-3932
10,Pia,Munro,pmunro9@dedecms.com,Bigender,522-316-4050
11,Merell,Dawltrey,mdawltreya@state.gov,Female,455-293-2441
12,Jojo,Pietranek,jpietranekb@eventbrite.com,Genderqueer,187-928-2937
13,Dasi,Bedder,dbedderc@qq.com,Genderfluid,812-433-3638
14,Chere,Brizell,cbrizelld@youtube.com,Polygender,198-547-9607
15,Franky,Stickney,fstickneye@dell.com,Non-binary,578-533-6485
16,Arne,Venneur,avenneurf@dedecms.com,Female,766-565-0050
17,Dunc,Thunnercliff,dthunnercliffg@cnet.com,Female,261-584-6834
18,Lemmy,Raincin,lraincinh@i2i.jp,Polygender,404-702-7563
19,Griffin,Balaam,gbalaami@usa.gov,Non-binary,118-633-0700
20,Elise,Fandrich,efandrichj@sogou.com,Bigender,605-981-8585
21,Corabelle,Baudry,cbaudryk@prnewswire.com,Polygender,699-619-3374
22,Clim,McPherson,cmcphersonl@mozilla.org,Female,361-552-7527
23,Tarah,Vardy,tvardym@elegantthemes.com,Polygender,600-396-0675
24,Biddie,Lyons,blyonsn@usgs.gov,Female,176-595-7187
25,Willie,O'Hoey,wohoeyo@sciencedaily.com,Female,219-155-4691
26,Elaine,Sybbe,esybbep@economist.com,Polygender,100-603-8863
27,Wolfie,Leatherland,wleatherlandq@microsoft.com,Agender,934-325-6935
28,Melli,Winterbotham,mwinterbothamr@rambler.ru,Genderfluid,164-149-9314
29,Ethelbert,Hamfleet,ehamfleets@gnu.org,Bigender,587-253-8108
30,Tedmund,Denny,tdennyt@multiply.com,Genderqueer,703-870-2856
31,Matt,Guslon,mguslonu@cocolog-nifty.com,Polygender,368-452-3742
32,Kirby,Sterman,kstermanv@google.nl,Genderfluid,765-298-3603
33,Bastian,Chaster,bchasterw@theglobeandmail.com,Bigender,614-422-8682
34,Carly,Arthars,cartharsx@people.com.cn,Bigender,350-221-2918
35,Cari,Milnes,cmilnesy@goo.ne.jp,Agender,841-333-9284
36,Geri,Nancarrow,gnancarrowz@sun.com,Genderqueer,531-120-9308
37,Gigi,Bartholomew,gbartholomew10@homestead.com,Genderqueer,210-777-7344
38,Helen-elizabeth,Seson,hseson11@shareasale.com,Genderfluid,752-238-5186
39,Madelin,Ambrogioni,mambrogioni12@github.com,Female,151-807-4120
40,Dorella,Rosingdall,drosingdall13@census.gov,Bigender,784-505-5761
41,Adriano,Placido,aplacido14@shareasale.com,Genderfluid,432-374-2641
42,Frants,Brandino,fbrandino15@amazonaws.com,Bigender,107-862-0470
43,Mauricio,Kenwood,mkenwood16@chicagotribune.com,Genderfluid,627-366-3058
44,Carleen,McGruar,cmcgruar17@toplist.cz,Non-binary,395-183-7045
45,Nonah,Littledike,nlittledike18@jalbum.net,Polygender,717-733-6952
46,Shurwood,Reubel,sreubel19@diigo.com,Female,624-840-3354
47,Layne,Amorts,lamorts1a@drupal.org,Polygender,811-226-4708
48,Linus,Dablin,ldablin1b@plala.or.jp,Non-binary,379-109-7362
49,Rhea,Hanaford,rhanaford1c@4shared.com,Bigender,855-789-3493
50,Lucius,Piwall,lpiwall1d@mediafire.com,Polygender,996-640-3970
51,El,Collick,ecollick1e@live.com,Polygender,600-594-6754
52,Sibelle,Kidsley,skidsley1f@sohu.com,Genderfluid,652-869-5491
53,Manon,Thaxton,mthaxton1g@fotki.com,Agender,277-394-0449
54,Aidan,Santhouse,asanthouse1h@list-manage.com,Polygender,103-597-6728
55,Abbot,Craighall,acraighall1i@wisc.edu,Female,975-619-2339
56,Dennie,Libermore,dlibermore1j@about.com,Female,146-286-9867
57,Tris,Lettington,tlettington1k@reverbnation.com,Polygender,604-859-7459
58,Anabella,Groucutt,agroucutt1l@fastcompany.com,Female,370-565-7092
59,Manuel,Lindenfeld,mlindenfeld1m@flickr.com,Genderqueer,863-556-4883
60,Lauren,Skalls,lskalls1n@soundcloud.com,Non-binary,603-589-1094
61,Sheffield,Nern,snern1o@yandex.ru,Genderfluid,511-913-2895
62,Sallyanne,Whyffen,swhyffen1p@webmd.com,Polygender,672-536-7371
63,Jasmin,Lainton,jlainton1q@edublogs.org,Bigender,110-631-9662
64,Ginelle,Layhe,glayhe1r@google.de,Male,907-404-8022
65,Hagan,Lamperti,hlamperti1s@youku.com,Male,444-752-4309
66,Parry,Seymark,pseymark1t@china.com.cn,Genderfluid,816-729-3871
67,Flynn,Wintringham,fwintringham1u@furl.net,Polygender,563-231-1489
68,Inesita,Yakunkin,iyakunkin1v@webeden.co.uk,Non-binary,621-590-7264
69,Luci,Piolli,lpiolli1w@wikia.com,Non-binary,998-488-3888
70,Noe,Bradneck,nbradneck1x@nbcnews.com,Male,988-926-8696
71,Drucill,Hailwood,dhailwood1y@salon.com,Non-binary,415-262-3606
72,Almira,Aguirrezabal,aaguirrezabal1z@usatoday.com,Genderqueer,660-330-5050
73,Amandi,Jaouen,ajaouen20@hhs.gov,Polygender,836-841-9969
74,Ly,Birtwell,lbirtwell21@hibu.com,Female,737-560-4099
75,Lucy,Lynnitt,llynnitt22@uiuc.edu,Male,573-450-3645
76,Dermot,Shales,dshales23@tuttocitta.it,Bigender,719-915-3261
77,Jarrad,Stocky,jstocky24@dagondesign.com,Genderfluid,658-963-9377
78,Brandon,Allwood,ballwood25@csmonitor.com,Genderqueer,452-520-2085
79,Ewen,Mapston,emapston26@cisco.com,Female,659-658-2893
80,Colette,Jobbing,cjobbing27@sciencedaily.com,Male,474-207-1132
81,Jamil,Edison,jedison28@so-net.ne.jp,Polygender,787-562-6959
82,Alma,Hun,ahun29@360.cn,Polygender,289-484-4902
83,Carmelina,Trodden,ctrodden2a@howstuffworks.com,Polygender,138-907-3722
84,Rebecca,Hedon,rhedon2b@seesaa.net,Agender,547-969-7010
85,Baxy,Stanbra,bstanbra2c@earthlink.net,Bigender,528-161-4258
86,Ruy,Bertomieu,rbertomieu2d@virginia.edu,Female,496-263-9086
87,Leo,Follett,lfollett2e@ezinearticles.com,Non-binary,368-468-3948
88,Andree,Chasen,achasen2f@goo.ne.jp,Agender,717-726-1628
89,Wilek,Forri,wforri2g@com.com,Polygender,905-926-8733
90,Hort,Santoro,hsantoro2h@smh.com.au,Bigender,739-810-7719
91,Jenilee,Vanyarkin,jvanyarkin2i@google.co.jp,Genderqueer,871-757-2958
92,Flem,MacFayden,fmacfayden2j@stanford.edu,Polygender,576-701-2423
93,Scotty,Muselli,smuselli2k@constantcontact.com,Bigender,637-626-0140
94,Astrid,Kenewel,akenewel2l@instagram.com,Genderqueer,750-359-4900
95,Lexie,Mansbridge,lmansbridge2m@pbs.org,Agender,859-417-3888
96,Ilise,Bogey,ibogey2n@oaic.gov.au,Male,319-933-0128
97,Hebert,Croxford,hcroxford2o@bing.com,Non-binary,909-848-2506
98,Jervis,Horsell,jhorsell2p@cocolog-nifty.com,Non-binary,842-590-1045
99,Arin,Stare,astare2q@issuu.com,Genderqueer,909-263-1196
100,Quinn,McKinnon,qmckinnon2r@blogtalkradio.com,Bigender,632-860-7000
101,Aila,Murra,amurra2s@theatlantic.com,Bigender,726-185-0440
102,Sara,Josefsohn,sjosefsohn2t@soup.io,Non-binary,963-229-0550
103,Brena,Eggins,beggins2u@ifeng.com,Genderfluid,345-675-4994
104,Anatole,Dreini,adreini2v@facebook.com,Non-binary,249-520-5410
105,Kaja,Gilardi,kgilardi2w@oaic.gov.au,Non-binary,866-240-5845
106,Tonie,Snodden,tsnodden2x@umich.edu,Genderqueer,654-406-3455
107,Vonny,Daniely,vdaniely2y@dagondesign.com,Polygender,695-247-5371
108,Cheryl,Kulicke,ckulicke2z@ezinearticles.com,Agender,474-383-6057
109,Margo,Botger,mbotger30@dmoz.org,Agender,257-908-6054
110,Meriel,Roman,mroman31@wordpress.org,Genderqueer,922-318-3096
111,Caresse,Varvara,cvarvara32@delicious.com,Agender,934-307-6883
112,Laurice,Tollmache,ltollmache33@prweb.com,Genderqueer,350-377-5845
113,Merissa,Blackader,mblackader34@ucla.edu,Polygender,111-237-3777
114,Porty,Stuttard,pstuttard35@surveymonkey.com,Genderfluid,560-247-4431
115,Chase,Silvermann,csilvermann36@umn.edu,Genderqueer,126-141-1352
116,Eleanore,Shipton,eshipton37@phpbb.com,Bigender,249-780-5922
117,Fallon,Jauncey,fjauncey38@4shared.com,Polygender,512-866-9708
118,Vicky,McKitterick,vmckitterick39@sbwire.com,Non-binary,897-724-7274
119,Verge,Coo,vcoo3a@tripod.com,Genderfluid,630-437-6786
120,Marsha,Jeanequin,mjeanequin3b@netlog.com,Bigender,117-835-6834
121,Earl,Alfonzo,ealfonzo3c@apache.org,Male,558-501-6077
122,Lacey,Vaggs,lvaggs3d@smh.com.au,Polygender,533-744-7885
123,Clarissa,Peet,cpeet3e@omniture.com,Polygender,138-703-0469
124,Rourke,Galloway,rgalloway3f@topsy.com,Polygender,738-594-8954
125,Constantine,Zanazzi,czanazzi3g@wikipedia.org,Bigender,581-284-2453
126,Arlan,Bernuzzi,abernuzzi3h@diigo.com,Bigender,345-848-3546
127,Rinaldo,Lissemore,rlissemore3i@paginegialle.it,Female,624-217-7558
128,Sibylla,Noulton,snoulton3j@hc360.com,Bigender,224-316-7515
129,Modestia,Winckworth,mwinckworth3k@ameblo.jp,Female,656-695-7496
130,Brier,Goodbairn,bgoodbairn3l@slate.com,Genderqueer,157-532-4075
131,Vilhelmina,Mobberley,vmobberley3m@wikipedia.org,Genderfluid,260-962-1536
132,Janifer,Bingham,jbingham3n@mashable.com,Genderfluid,533-390-4497
133,Cass,Gunnell,cgunnell3o@jiathis.com,Agender,580-356-4880
134,Brittany,Ashton,bashton3p@instagram.com,Female,339-845-4514
135,Erie,Andrea,eandrea3q@infoseek.co.jp,Bigender,897-107-8040
136,Ollie,Farrah,ofarrah3r@uol.com.br,Female,764-711-2481
137,Elysia,Byart,ebyart3s@epa.gov,Genderfluid,168-316-7773
138,Gonzalo,Pendergrast,gpendergrast3t@gizmodo.com,Polygender,927-181-2636
139,Whitby,Pegg,wpegg3u@deviantart.com,Polygender,171-416-9209
140,Gabriell,Bramley,gbramley3v@cornell.edu,Male,406-381-8699
141,Keslie,Plain,kplain3w@nationalgeographic.com,Female,521-725-2729
142,Giorgia,Bardwall,gbardwall3x@woothemes.com,Non-binary,434-360-3947
143,Dyanne,Lukianovich,dlukianovich3y@ft.com,Non-binary,333-145-3621
144,Zackariah,Crouch,zcrouch3z@va.gov,Genderfluid,628-508-9224
145,Kial,Hartless,khartless40@sogou.com,Polygender,577-870-5210
146,Lyssa,Iltchev,liltchev41@wix.com,Male,309-305-3267
147,Jaquelin,Moncrieffe,jmoncrieffe42@360.cn,Bigender,382-595-2489
148,Jory,Vallintine,jvallintine43@sphinn.com,Agender,347-712-7320
149,Angelica,Tritten,atritten44@ameblo.jp,Female,885-931-8456
150,Clovis,Bradburn,cbradburn45@who.int,Bigender,816-343-9733
151,Billie,Matusevich,bmatusevich46@squidoo.com,Male,367-310-0353
152,Rachel,Blunsom,rblunsom47@boston.com,Polygender,189-948-2675
153,Giovanna,Vodden,gvodden48@nps.gov,Non-binary,495-904-3129
154,Vin,Custed,vcusted49@aol.com,Genderqueer,227-422-3736
155,Corrine,Brome,cbrome4a@comsenz.com,Bigender,615-417-5010
156,Diannne,Knevit,dknevit4b@earthlink.net,Female,268-596-7373
157,Kellia,Janiak,kjaniak4c@phpbb.com,Genderfluid,563-716-3193
158,Marrilee,Kauschke,mkauschke4d@google.com.hk,Polygender,171-364-1402
159,Cliff,D'Onise,cdonise4e@tripadvisor.com,Agender,307-292-9346
160,Kimmy,Jachimak,kjachimak4f@intel.com,Genderqueer,728-905-0554
161,Hermione,Degoix,hdegoix4g@blogspot.com,Female,287-464-3210
162,Laurena,Lawrenz,llawrenz4h@usnews.com,Polygender,385-428-6727
163,Kacey,Lewerenz,klewerenz4i@de.vu,Genderqueer,620-191-6848
164,Isabel,Heelis,iheelis4j@phpbb.com,Bigender,304-632-7231
165,Marylee,Whelband,mwhelband4k@themeforest.net,Bigender,962-154-5896
166,Micah,Pendlebery,mpendlebery4l@privacy.gov.au,Bigender,624-787-5970
167,Hillery,Sprigging,hsprigging4m@tamu.edu,Polygender,451-646-5343
168,Nadiya,O' Ronan,noronan4n@prweb.com,Polygender,981-745-6018
169,Gracia,Beniesh,gbeniesh4o@washingtonpost.com,Genderfluid,165-118-9865
170,Cassie,Yerlett,cyerlett4p@google.com,Non-binary,975-836-9317
171,Anatola,Crees,acrees4q@comcast.net,Polygender,339-490-7123
172,Devlin,Deluce,ddeluce4r@soundcloud.com,Polygender,588-419-8909
173,Denny,Seel,dseel4s@irs.gov,Female,563-562-3265
174,Gilbertine,Whiteley,gwhiteley4t@va.gov,Bigender,845-734-7668
175,Vern,Biagini,vbiagini4u@youku.com,Female,318-574-5887
176,Jarrid,Tulleth,jtulleth4v@facebook.com,Male,601-115-9647
177,Thomas,Yellop,tyellop4w@miibeian.gov.cn,Genderfluid,864-170-4255
178,Hope,Gooly,hgooly4x@homestead.com,Polygender,349-907-8396
179,Susanna,Quinion,squinion4y@netlog.com,Non-binary,506-591-2801
180,Earvin,Lukianov,elukianov4z@slideshare.net,Agender,900-498-5983
181,Geoffry,McGhee,gmcghee50@apache.org,Genderfluid,576-700-8791
182,Jack,Reaney,jreaney51@nifty.com,Female,984-871-3398
183,Mitzi,Croose,mcroose52@census.gov,Polygender,109-935-1016
184,Lavinia,Dedney,ldedney53@oakley.com,Agender,927-702-5054
185,Brion,Roycraft,broycraft54@imageshack.us,Genderfluid,628-799-5344
186,Thomasa,Giovannelli,tgiovannelli55@nih.gov,Genderfluid,743-554-3059
187,Bessie,Devenny,bdevenny56@jimdo.com,Non-binary,604-220-6569
188,Dario,Bisson,dbisson57@msn.com,Polygender,973-259-9690
189,Melisandra,Warsop,mwarsop58@gravatar.com,Genderqueer,547-916-2979
190,Jarrad,de la Valette Parisot,jdelavaletteparisot59@skype.com,Bigender,340-229-2017
191,Peta,Coppock.,pcoppock5a@foxnews.com,Non-binary,789-197-3436
192,Ring,Anyene,ranyene5b@liveinternet.ru,Male,587-472-2423
193,Bird,Bockin,bbockin5c@ehow.com,Polygender,639-760-4964
194,Neville,Clemencon,nclemencon5d@deviantart.com,Non-binary,825-702-3625
195,Jennilee,Gave,jgave5e@networksolutions.com,Genderqueer,240-609-7729
196,Nealson,Stillwell,nstillwell5f@so-net.ne.jp,Male,270-775-3502
197,Letitia,Crysell,lcrysell5g@mtv.com,Male,276-446-1794
198,Matilda,Winkell,mwinkell5h@walmart.com,Non-binary,635-159-4762
199,Laurene,Chadwyck,lchadwyck5i@amazonaws.com,Non-binary,354-117-9037
200,Margeaux,Lovie,mlovie5j@tumblr.com,Agender,770-153-4600
201,Kati,Ellph,kellph5k@surveymonkey.com,Non-binary,882-445-3759
202,Remus,Glasheen,rglasheen5l@aol.com,Agender,322-534-6536
203,Shoshanna,Chartres,schartres5m@google.ca,Female,126-209-6215
204,Laney,Mallows,lmallows5n@timesonline.co.uk,Non-binary,719-122-1881
205,Starr,Aaronsohn,saaronsohn5o@vistaprint.com,Genderfluid,293-798-5244
206,Bree,Whitefoot,bwhitefoot5p@webnode.com,Agender,323-523-2270
207,Taddeusz,Bootes,tbootes5q@microsoft.com,Agender,212-428-7689
208,Gottfried,Fronek,gfronek5r@google.fr,Female,792-856-1872
209,Balduin,O'Rudden,borudden5s@buzzfeed.com,Agender,370-622-3017
210,Vallie,Livingstone,vlivingstone5t@wufoo.com,Non-binary,363-875-4909
211,Ingunna,Seeger,iseeger5u@ycombinator.com,Polygender,507-387-4210
212,Jedd,Pavey,jpavey5v@amazon.com,Genderfluid,428-957-2491
213,Dulcine,Kilgrew,dkilgrew5w@cbsnews.com,Male,645-353-7833
214,Micky,Thieme,mthieme5x@craigslist.org,Genderfluid,626-599-3291
215,Madalyn,Gilpillan,mgilpillan5y@xing.com,Genderqueer,302-444-4179
216,Millisent,Scheffler,mscheffler5z@whitehouse.gov,Non-binary,318-191-5231
217,Cybill,Minmagh,cminmagh60@craigslist.org,Polygender,332-380-1640
218,Della,Bruins,dbruins61@wikimedia.org,Bigender,443-215-6383
219,Corilla,Garriock,cgarriock62@usatoday.com,Polygender,746-488-6943
220,Junia,Hanton,jhanton63@businessweek.com,Agender,595-444-8469
221,Ofilia,Claybourne,oclaybourne64@springer.com,Male,995-945-9794
222,Jemmie,Ende,jende65@howstuffworks.com,Female,610-795-1906
223,Noah,Gillise,ngillise66@npr.org,Bigender,536-815-4960
224,Myca,Catto,mcatto67@vimeo.com,Non-binary,713-700-2496
225,Helaina,Coulton,hcoulton68@state.tx.us,Agender,453-210-7811
226,Juana,Saing,jsaing69@bizjournals.com,Female,270-156-9319
227,Alejandro,Pomeroy,apomeroy6a@mozilla.org,Female,424-886-7473
228,Jeanine,Dissman,jdissman6b@pinterest.com,Male,215-760-3017
229,Zolly,Caven,zcaven6c@discovery.com,Bigender,574-106-5221
230,Andonis,Conyers,aconyers6d@domainmarket.com,Agender,207-602-5873
231,Vicky,O'Kennedy,vokennedy6e@latimes.com,Non-binary,873-252-3606
232,Bonnibelle,Feldbaum,bfeldbaum6f@nhs.uk,Non-binary,293-795-0279
233,Stefano,Barbisch,sbarbisch6g@washingtonpost.com,Male,314-686-0561
234,Yorgos,Hugli,yhugli6h@upenn.edu,Female,570-268-8939
235,Gabi,Reen,green6i@washington.edu,Genderqueer,873-265-6060
236,Marmaduke,Lydster,mlydster6j@shinystat.com,Genderfluid,173-771-0032
237,Berny,Hammor,bhammor6k@usgs.gov,Female,539-332-8807
238,Lisbeth,Overnell,lovernell6l@networksolutions.com,Non-binary,284-893-8099
239,Olag,Prando,oprando6m@blogger.com,Bigender,971-488-4896
240,Aviva,Coom,acoom6n@patch.com,Female,258-109-1884
241,Dorella,Waymont,dwaymont6o@odnoklassniki.ru,Bigender,557-740-0777
242,Morey,Rappoport,mrappoport6p@wix.com,Polygender,300-704-8775
243,Nappie,Hollyar,nhollyar6q@ask.com,Agender,497-755-5582
244,Yuri,Michael,ymichael6r@naver.com,Female,125-456-4867
245,Matthiew,De Biaggi,mdebiaggi6s@jiathis.com,Male,785-558-2116
246,Elli,McLeary,emcleary6t@wordpress.org,Male,805-967-8761
247,Keene,Tyzack,ktyzack6u@nifty.com,Polygender,714-315-6369
248,Jaime,Rozenzweig,jrozenzweig6v@about.me,Non-binary,159-794-2334
249,Ailyn,Wintringham,awintringham6w@weather.com,Female,696-375-6316
250,Jerry,Oylett,joylett6x@imgur.com,Bigender,657-100-9063
251,Cliff,Waith,cwaith6y@tripadvisor.com,Bigender,802-924-4836
252,Nev,Mowsley,nmowsley6z@guardian.co.uk,Male,391-557-4877
253,Arin,Bulch,abulch70@prlog.org,Polygender,209-488-6724
254,Heriberto,Marciskewski,hmarciskewski71@newyorker.com,Male,446-283-1441
255,Hortensia,Paslow,hpaslow72@jugem.jp,Male,396-216-6114
256,Marjory,Matthewman,mmatthewman73@g.co,Genderfluid,312-888-9895
257,Dodie,Klimus,dklimus74@patch.com,Agender,542-289-6442
258,Ermin,Mountford,emountford75@guardian.co.uk,Genderqueer,281-812-3679
259,Waldemar,Titta,wtitta76@list-manage.com,Bigender,685-484-6337
260,Conney,Wardingly,cwardingly77@mapquest.com,Agender,744-153-8558
261,Gare,Triswell,gtriswell78@house.gov,Agender,524-411-9090
262,Vikki,Giottoi,vgiottoi79@blinklist.com,Female,743-535-4621
263,Meagan,Bendix,mbendix7a@netvibes.com,Polygender,554-445-8790
264,Orelie,Mowsdale,omowsdale7b@skyrock.com,Genderfluid,175-832-8585
265,Mitchel,Chapell,mchapell7c@loc.gov,Agender,294-720-9878
266,Lacie,Frankiewicz,lfrankiewicz7d@cbsnews.com,Non-binary,254-903-2209
267,Emmanuel,Hubbins,ehubbins7e@adobe.com,Polygender,120-903-1455
268,Fay,Gallyon,fgallyon7f@typepad.com,Genderfluid,529-798-5081
269,Gusty,Murcutt,gmurcutt7g@msn.com,Bigender,122-188-6257
270,Skipton,Novak,snovak7h@over-blog.com,Non-binary,788-862-2583
271,Clemmie,Skipper,cskipper7i@sohu.com,Non-binary,490-642-1783
272,Arley,Hendrich,ahendrich7j@ehow.com,Genderqueer,222-971-7354
273,Kelwin,Brolly,kbrolly7k@a8.net,Genderqueer,534-101-8060
274,Bethany,Idle,bidle7l@ed.gov,Female,114-254-6333
275,Avis,Bisacre,abisacre7m@reuters.com,Genderqueer,640-953-2785
276,Colet,Bunten,cbunten7n@purevolume.com,Bigender,464-580-4863
277,Dacie,Van Salzberger,dvansalzberger7o@smugmug.com,Genderfluid,283-614-6771
278,Edie,Maith,emaith7p@over-blog.com,Genderfluid,848-945-7083
279,Mercy,Ayres,mayres7q@shareasale.com,Genderqueer,710-558-5292
280,Branden,Cudd,bcudd7r@discovery.com,Polygender,268-388-9116
281,Nico,Maling,nmaling7s@amazon.de,Male,377-702-2625
282,Carita,Weinmann,cweinmann7t@washingtonpost.com,Male,111-315-9401
283,Bidget,Wolstencroft,bwolstencroft7u@fotki.com,Female,749-375-2665
284,Helge,Balaison,hbalaison7v@discuz.net,Male,285-804-3003
285,Avrit,Sommers,asommers7w@hao123.com,Genderfluid,593-340-2879
286,Cati,Denyukhin,cdenyukhin7x@constantcontact.com,Polygender,341-997-2405
287,Leicester,Murney,lmurney7y@geocities.jp,Bigender,537-838-2095
288,Seline,Lindfors,slindfors7z@istockphoto.com,Genderfluid,158-506-3182
289,Cher,Schnieder,cschnieder80@webmd.com,Polygender,816-770-2176
290,Bethany,Borborough,bborborough81@who.int,Genderqueer,568-376-8176
291,Corabel,Lawlee,clawlee82@mac.com,Agender,613-176-3467
292,Amandie,Ramos,aramos83@yahoo.co.jp,Genderqueer,994-943-3501
293,Harwilll,Faltin,hfaltin84@hugedomains.com,Polygender,148-258-8752
294,Leanna,Honnicott,lhonnicott85@posterous.com,Genderfluid,806-466-2321
295,Carola,Georgeau,cgeorgeau86@netlog.com,Female,931-774-9078
296,Phip,Flaverty,pflaverty87@abc.net.au,Female,627-117-6952
297,Sibbie,Kennea,skennea88@abc.net.au,Female,591-177-4485
298,Sheilah,Ruslin,sruslin89@storify.com,Male,301-874-4636
299,Olia,Boylund,oboylund8a@youku.com,Female,386-463-4035
300,Lowrance,Fevier,lfevier8b@youtu.be,Agender,357-322-1770
301,Royce,Kenan,rkenan8c@purevolume.com,Polygender,661-914-2661
302,Marcella,Jeskins,mjeskins8d@plala.or.jp,Genderfluid,365-397-6148
303,Garrett,Beakes,gbeakes8e@arstechnica.com,Non-binary,677-382-7517
304,Abey,Sears,asears8f@blinklist.com,Female,478-421-4651
305,Tabbitha,Abatelli,tabatelli8g@china.com.cn,Bigender,812-943-8536
306,Reid,Malone,rmalone8h@unc.edu,Female,357-255-0009
307,Karleen,Corry,kcorry8i@cloudflare.com,Genderfluid,866-985-3215
308,Evanne,Gernier,egernier8j@twitter.com,Female,510-517-9172
309,Parnell,Seatter,pseatter8k@pcworld.com,Genderfluid,124-624-9940
310,Sybilla,Carreyette,scarreyette8l@simplemachines.org,Non-binary,670-527-5118
311,Candie,Bonnesen,cbonnesen8m@abc.net.au,Male,760-963-2613
312,La verne,Addis,laddis8n@microsoft.com,Agender,216-796-0679
313,Belita,Errowe,berrowe8o@abc.net.au,Non-binary,361-168-6806
314,Torin,Dunthorne,tdunthorne8p@java.com,Genderfluid,211-881-8000
315,Nollie,Leare,nleare8q@pcworld.com,Genderqueer,179-885-8158
316,Elston,Strutz,estrutz8r@ucoz.ru,Genderqueer,677-814-6903
317,Ilsa,Gurnell,igurnell8s@eventbrite.com,Agender,608-702-5123
318,Forrester,Kidsley,fkidsley8t@themeforest.net,Polygender,345-836-8872
319,Leelah,Hagston,lhagston8u@themeforest.net,Female,793-805-0174
320,Frank,Tenant,ftenant8v@mail.ru,Agender,195-459-7146
321,Viva,McSporrin,vmcsporrin8w@ucoz.ru,Genderqueer,595-123-1759
322,Paulie,Eberdt,peberdt8x@opensource.org,Polygender,729-698-2658
323,Hubert,Hyndman,hhyndman8y@google.com.hk,Genderqueer,915-758-5582
324,Tammie,Sangra,tsangra8z@google.com.au,Female,392-368-0880
325,Urbanus,Mussettini,umussettini90@cnbc.com,Polygender,364-214-8361
326,Brittney,Mattaser,bmattaser91@usgs.gov,Female,344-350-7754
327,Evonne,Standage,estandage92@tumblr.com,Male,245-554-7342
328,Theressa,Mungan,tmungan93@istockphoto.com,Agender,912-185-7137
329,Shauna,Shyres,sshyres94@loc.gov,Agender,665-558-8565
330,Kristen,Dani,kdani95@unblog.fr,Female,614-140-4357
331,Tedman,Tollady,ttollady96@barnesandnoble.com,Genderqueer,544-252-6391
332,Tabitha,Ocklin,tocklin97@icq.com,Non-binary,535-771-4798
333,Donny,Petchell,dpetchell98@weebly.com,Agender,784-360-1882
334,Winnie,Goodred,wgoodred99@goo.ne.jp,Genderqueer,135-970-1149
335,Mirabella,Murison,mmurison9a@apple.com,Female,277-498-6725
336,Edik,Houston,ehouston9b@si.edu,Genderqueer,477-399-5590
337,Erminie,Immer,eimmer9c@friendfeed.com,Genderfluid,834-427-7123
338,Rayner,Treppas,rtreppas9d@virginia.edu,Non-binary,619-447-7033
339,Crissie,Toffanelli,ctoffanelli9e@blogspot.com,Agender,970-746-0472
340,Clare,Linde,clinde9f@yandex.ru,Genderfluid,601-260-6693
341,Jamie,Topliss,jtopliss9g@goodreads.com,Genderqueer,623-841-8724
342,Rogers,Santoro,rsantoro9h@huffingtonpost.com,Male,738-506-7477
343,Northrup,Phillins,nphillins9i@liveinternet.ru,Agender,590-513-5476
344,Tommie,Pauncefort,tpauncefort9j@blogger.com,Female,518-888-8478
345,Bradney,Antonutti,bantonutti9k@thetimes.co.uk,Genderfluid,320-515-2094
346,Manon,Audiss,maudiss9l@altervista.org,Female,571-536-1875
347,Roobbie,McAtamney,rmcatamney9m@cdbaby.com,Female,428-100-2741
348,Arden,Loughran,aloughran9n@sfgate.com,Polygender,496-515-7599
349,Shelly,Frossell,sfrossell9o@bandcamp.com,Bigender,433-908-9021
350,Ferd,Elsop,felsop9p@list-manage.com,Polygender,923-267-7469
351,Bentlee,McCurtin,bmccurtin9q@hugedomains.com,Male,526-960-3365
352,Addie,Lapenna,alapenna9r@miitbeian.gov.cn,Male,801-699-6522
353,Aloisia,Wallage,awallage9s@domainmarket.com,Bigender,925-377-9185
354,Chrysler,Happel,chappel9t@deliciousdays.com,Male,905-430-9542
355,Terrill,D'Elias,tdelias9u@noaa.gov,Bigender,674-327-8908
356,Marji,Rilston,mrilston9v@dell.com,Genderfluid,974-642-4668
357,Sonya,Ebdon,sebdon9w@umn.edu,Male,541-631-7977
358,Karmen,Vaugham,kvaugham9x@buzzfeed.com,Genderqueer,274-114-3244
359,Dugald,Sillwood,dsillwood9y@google.nl,Non-binary,984-322-7257
360,Orsola,Speer,ospeer9z@addthis.com,Genderqueer,210-864-8063
361,Austin,Dominici,adominicia0@furl.net,Genderqueer,902-881-3937
362,Yevette,Burchett,yburchetta1@dailymotion.com,Non-binary,815-909-2763
363,Melisenda,Nosworthy,mnosworthya2@shop-pro.jp,Non-binary,184-894-4407
364,Monica,Bartali,mbartalia3@tripadvisor.com,Genderqueer,354-609-5893
365,Francisco,Sommersett,fsommersetta4@bbb.org,Genderfluid,166-329-0308
366,Alexandros,Nisbith,anisbitha5@eepurl.com,Genderfluid,544-958-9423
367,Janka,Lodge,jlodgea6@rambler.ru,Genderqueer,501-594-4550
368,Zara,Salvidge,zsalvidgea7@princeton.edu,Agender,948-792-4014
369,Katrinka,Andrys,kandrysa8@cornell.edu,Genderfluid,560-421-2996
370,Lilllie,Bowen,lbowena9@so-net.ne.jp,Bigender,549-817-6276
371,Freda,Manus,fmanusaa@netlog.com,Genderqueer,709-685-9201
372,Leone,Hefforde,lheffordeab@flavors.me,Genderqueer,673-426-4609
373,Jone,Willars,jwillarsac@a8.net,Female,400-914-5038
374,Shanan,Glanister,sglanisterad@google.es,Male,371-728-5951
375,Amii,Permain,apermainae@unblog.fr,Agender,129-525-8660
376,Melodee,Navein,mnaveinaf@ask.com,Female,678-717-7700
377,Kelby,Ellerby,kellerbyag@dedecms.com,Polygender,294-189-0462
378,Christophe,Longfield,clongfieldah@usnews.com,Female,367-925-9125
379,Dougy,Baddam,dbaddamai@usnews.com,Bigender,768-155-9513
380,Fraze,Fells,ffellsaj@storify.com,Bigender,959-947-9116
381,Lanni,Trime,ltrimeak@patch.com,Polygender,563-873-2335
382,Evanne,Ruffell,eruffellal@gizmodo.com,Bigender,324-487-4460
383,Eryn,Vreede,evreedeam@seattletimes.com,Polygender,756-629-7774
384,Adelind,Moorman,amoormanan@imgur.com,Genderfluid,622-925-1283
385,Briney,Bonney,bbonneyao@marketwatch.com,Non-binary,795-784-6177
386,Roshelle,Bardwall,rbardwallap@ed.gov,Bigender,559-217-1500
387,Anjela,Benedick,abenedickaq@narod.ru,Agender,294-307-1406
388,Gay,Dockery,gdockeryar@tripadvisor.com,Polygender,285-823-3610
389,Rodney,Shelborne,rshelborneas@nasa.gov,Male,983-390-2467
390,Troy,Pinckstone,tpinckstoneat@weather.com,Bigender,803-156-3563
391,Christiana,Draco,cdracoau@weather.com,Polygender,225-683-2794
392,Lanni,Pridie,lpridieav@nature.com,Male,254-448-8698
393,Nico,Bucke,nbuckeaw@nps.gov,Female,163-382-0902
394,Arther,Beddall,abeddallax@nationalgeographic.com,Polygender,853-928-9296
395,Hedvig,Light,hlightay@edublogs.org,Genderfluid,474-930-6338
396,Booth,Segge,bseggeaz@amazon.com,Non-binary,136-853-5958
397,Martin,Ronaghan,mronaghanb0@pagesperso-orange.fr,Bigender,616-874-4547
398,Kingston,Renals,krenalsb1@sourceforge.net,Bigender,460-777-4034
399,Mikey,Irce,mirceb2@intel.com,Polygender,992-563-5491
400,Chiquita,Hebner,chebnerb3@xrea.com,Genderqueer,180-693-8040
401,Hurleigh,Davidi,hdavidib4@topsy.com,Female,931-883-8246
402,Alvan,Cooksley,acooksleyb5@vkontakte.ru,Agender,135-868-2701
403,Jeane,Borrell,jborrellb6@hugedomains.com,Female,604-465-9933
404,Jillian,O'Hartnedy,johartnedyb7@ihg.com,Polygender,250-125-4376
405,Hastings,Worthy,hworthyb8@i2i.jp,Genderfluid,552-955-2128
406,Ced,Harston,charstonb9@techcrunch.com,Genderqueer,516-765-2710
407,Susie,Copnar,scopnarba@shinystat.com,Bigender,554-337-9458
408,Neil,Larrat,nlarratbb@goo.gl,Genderqueer,311-604-0190
409,Donica,Eouzan,deouzanbc@toplist.cz,Agender,632-539-3993
410,Axe,Worcester,aworcesterbd@clickbank.net,Polygender,705-499-6257
411,Nicol,Fishburn,nfishburnbe@prweb.com,Agender,926-452-0334
412,Frans,Gummie,fgummiebf@e-recht24.de,Agender,771-376-0120
413,Daveen,Hutfield,dhutfieldbg@soup.io,Genderfluid,101-807-4810
414,Toddie,Case,tcasebh@skyrock.com,Non-binary,904-502-3245
415,Anastasia,Eastam,aeastambi@hhs.gov,Genderfluid,687-571-4939
416,Lenci,Angrick,langrickbj@forbes.com,Genderqueer,932-613-0030
417,Giacopo,Murford,gmurfordbk@usa.gov,Female,138-131-0135
418,Garry,Tuttiett,gtuttiettbl@intel.com,Genderqueer,206-774-4412
419,Jermain,Groveham,jgrovehambm@myspace.com,Female,252-879-2106
420,Valeda,Ragate,vragatebn@springer.com,Agender,885-322-5386
421,Poppy,Phillis,pphillisbo@addtoany.com,Genderqueer,537-925-3690
422,Salvidor,Mursell,smursellbp@mediafire.com,Agender,725-771-7451
423,Marlene,Jerrand,mjerrandbq@auda.org.au,Agender,930-316-9155
424,Athena,Kitchener,akitchenerbr@artisteer.com,Bigender,646-180-6906
425,Jesse,Padilla,jpadillabs@smugmug.com,Male,852-807-0084
426,Nissy,Brogioni,nbrogionibt@patch.com,Agender,650-397-1144
427,Jeane,Bompass,jbompassbu@fastcompany.com,Non-binary,108-928-6038
428,Ricki,McIlwraith,rmcilwraithbv@jiathis.com,Male,283-733-4266
429,Branden,Merdew,bmerdewbw@timesonline.co.uk,Female,339-323-2965
430,Perry,Deaconson,pdeaconsonbx@reverbnation.com,Bigender,223-736-7137
431,Cammy,Darcy,cdarcyby@weather.com,Male,892-950-6307
432,Pansy,Twining,ptwiningbz@bing.com,Genderqueer,370-533-7356
433,Matty,Zollner,mzollnerc0@opensource.org,Non-binary,892-760-0406
434,Andonis,Balling,aballingc1@newyorker.com,Genderfluid,747-492-9171
435,Johny,Philpin,jphilpinc2@ning.com,Genderqueer,924-145-6329
436,Valentijn,Philippsohn,vphilippsohnc3@miibeian.gov.cn,Non-binary,951-927-4307
437,Vern,Windsor,vwindsorc4@phpbb.com,Genderfluid,872-366-4004
438,Ode,Addington,oaddingtonc5@pinterest.com,Genderfluid,408-892-8168
439,Antoinette,Yeskov,ayeskovc6@furl.net,Female,989-409-1462
440,Fidel,Fortescue,ffortescuec7@hubpages.com,Bigender,369-433-6679
441,Aylmar,Adlem,aadlemc8@phoca.cz,Non-binary,741-666-0044
442,Wilfred,Coddrington,wcoddringtonc9@msu.edu,Polygender,295-327-1911
443,Ranice,Sherington,rsheringtonca@princeton.edu,Agender,968-481-1904
444,Averill,Alston,aalstoncb@soup.io,Genderqueer,819-158-2398
445,Nananne,Buckston,nbuckstoncc@boston.com,Agender,718-590-3009
446,Alwyn,Casse,acassecd@paginegialle.it,Polygender,433-922-7477
447,Evangeline,McDugal,emcdugalce@home.pl,Non-binary,832-490-2266
448,Sephira,Piell,spiellcf@goo.ne.jp,Female,303-419-0379
449,Cam,Escoffrey,cescoffreycg@qq.com,Male,321-312-9298
450,Bob,Ivanyushin,bivanyushinch@naver.com,Male,806-792-6366
451,Clementine,Fancutt,cfancuttci@jalbum.net,Male,286-768-3757
452,Barret,Baskerville,bbaskervillecj@infoseek.co.jp,Genderfluid,239-136-7257
453,Iona,Gadault,igadaultck@blogs.com,Genderfluid,402-259-9480
454,Rudolph,Glaister,rglaistercl@sina.com.cn,Polygender,667-123-4138
455,Alleyn,Turnell,aturnellcm@godaddy.com,Polygender,268-533-4087
456,Vanna,Deboo,vdeboocn@ameblo.jp,Bigender,313-196-3383
457,Loreen,O'Hegertie,lohegertieco@paypal.com,Bigender,892-737-0858
458,Susannah,Ranscome,sranscomecp@wix.com,Bigender,321-559-6214
459,Vania,Glavis,vglaviscq@flavors.me,Polygender,885-872-7247
460,Cristy,Pink,cpinkcr@engadget.com,Genderfluid,860-428-7747
461,Shannah,Britland,sbritlandcs@vinaora.com,Non-binary,926-509-6415
462,Jenna,Foucard,jfoucardct@geocities.jp,Genderqueer,327-597-9390
463,Dev,Krammer,dkrammercu@taobao.com,Genderfluid,369-445-7673
464,Kaylee,Greer,kgreercv@ucsd.edu,Female,291-837-9611
465,Danella,Bollard,dbollardcw@constantcontact.com,Female,189-380-3205
466,Gwenneth,Halgarth,ghalgarthcx@g.co,Female,419-615-9738
467,Milly,Morican,mmoricancy@google.co.jp,Non-binary,945-624-3253
468,Franky,Danbrook,fdanbrookcz@tinypic.com,Bigender,347-238-9418
469,Danica,McReynold,dmcreynoldd0@japanpost.jp,Polygender,393-507-7684
470,Arluene,Foresight,aforesightd1@issuu.com,Agender,242-661-1806
471,Bella,Geffen,bgeffend2@wikispaces.com,Agender,347-768-2178
472,Amaleta,Lazenbury,alazenburyd3@ow.ly,Female,920-375-3540
473,Hersch,Welford,hwelfordd4@multiply.com,Non-binary,432-115-3382
474,Vance,Searchfield,vsearchfieldd5@friendfeed.com,Female,278-219-5029
475,Timothea,Craghead,tcragheadd6@java.com,Female,723-429-2980
476,Raynor,Graveston,rgravestond7@joomla.org,Bigender,332-691-6591
477,Cassie,Terney,cterneyd8@istockphoto.com,Genderqueer,236-381-2324
478,Melodee,Virgo,mvirgod9@friendfeed.com,Male,102-238-2745
479,Court,Palphreyman,cpalphreymanda@deliciousdays.com,Polygender,519-293-0983
480,Urban,Burnes,uburnesdb@e-recht24.de,Polygender,827-650-3168
481,Ardra,Wear,aweardc@nasa.gov,Female,585-143-4897
482,Damian,Quinn,dquinndd@parallels.com,Female,643-666-0974
483,Ferdinande,Shillom,fshillomde@usnews.com,Male,537-388-1217
484,Kent,Witter,kwitterdf@hc360.com,Genderfluid,665-380-0638
485,Charmain,Arnaudet,carnaudetdg@weibo.com,Genderfluid,369-720-7529
486,Hinda,Cornely,hcornelydh@wordpress.org,Agender,606-230-2650
487,Abra,Lorkin,alorkindi@gravatar.com,Genderqueer,184-598-6998
488,Rici,Fonteyne,rfonteynedj@un.org,Agender,316-296-7777
489,Karlan,Bevans,kbevansdk@tinyurl.com,Genderfluid,520-499-4695
490,Shurlocke,Nibloe,snibloedl@dyndns.org,Male,692-606-1652
491,Kylie,Kyston,kkystondm@dell.com,Genderqueer,330-355-9140
492,Horatia,Aughtie,haughtiedn@census.gov,Non-binary,465-459-6335
493,Marion,Aughtie,maughtiedo@t-online.de,Genderfluid,298-907-3600
494,Barbey,Guiu,bguiudp@slashdot.org,Male,997-537-3315
495,Reba,Sulley,rsulleydq@indiatimes.com,Bigender,171-765-0382
496,Ilse,Watting,iwattingdr@china.com.cn,Genderfluid,658-423-4235
497,Davy,Willford,dwillfordds@fotki.com,Male,454-457-5830
498,Falito,Orman,formandt@cnn.com,Male,926-874-3588
499,Nico,Watts,nwattsdu@youtu.be,Female,667-676-9692
500,Lynn,Ganforth,lganforthdv@delicious.com,Male,117-206-4465
501,Merle,Ritchie,mritchiedw@amazon.co.uk,Non-binary,581-928-2522
502,Temple,Alven,talvendx@ehow.com,Genderfluid,642-456-5409
503,Olivette,Swansborough,oswansboroughdy@tumblr.com,Female,512-585-9904
504,Aindrea,Keepin,akeepindz@hexun.com,Bigender,951-101-3103
505,Tamma,Woodwin,twoodwine0@blogtalkradio.com,Genderfluid,651-970-0734
506,Sephira,Tewes,stewese1@usnews.com,Genderfluid,501-712-6337
507,Ilene,Howick,ihowicke2@php.net,Genderqueer,859-210-1978
508,Amelina,Phair,aphaire3@utexas.edu,Non-binary,734-638-4349
509,Hamid,Hazeldene,hhazeldenee4@wikia.com,Genderfluid,663-806-8055
510,Maddi,Smewin,msmewine5@marriott.com,Non-binary,987-645-2869
511,Colly,Wretham,cwrethame6@e-recht24.de,Agender,377-474-3365
512,Arri,Wane,awanee7@wordpress.org,Polygender,969-179-7875
513,Katusha,Newport,knewporte8@nifty.com,Genderqueer,199-582-0799
514,Arel,Scholling,aschollinge9@yahoo.com,Female,965-103-1879
515,Mason,Patterfield,mpatterfieldea@1688.com,Genderqueer,271-640-4930
516,Alli,Dolohunty,adolohuntyeb@smh.com.au,Non-binary,701-160-3504
517,Alano,Baldcock,abaldcockec@twitpic.com,Female,991-483-0441
518,Tabby,Rigmond,trigmonded@ox.ac.uk,Male,321-886-7592
519,Lambert,Stanfield,lstanfieldee@cnn.com,Bigender,952-249-8101
520,Lilas,Whimpenny,lwhimpennyef@alexa.com,Non-binary,568-662-0803
521,Orv,Gillingwater,ogillingwatereg@dailymotion.com,Male,688-349-9736
522,Frasier,Izkovitch,fizkovitcheh@wikimedia.org,Male,774-844-2387
523,Emlyn,Bardill,ebardillei@prnewswire.com,Genderfluid,518-369-9966
524,Carmine,Whalebelly,cwhalebellyej@issuu.com,Bigender,918-421-9405
525,Barnie,Impson,bimpsonek@walmart.com,Agender,766-164-0155
526,Chadwick,Cisland,ccislandel@usa.gov,Female,504-516-6047
527,Matthiew,Malinowski,mmalinowskiem@patch.com,Male,754-454-5539
528,Elonore,Daskiewicz,edaskiewiczen@live.com,Genderfluid,705-475-3800
529,Celka,Sudlow,csudloweo@hubpages.com,Female,697-687-9249
530,Sheri,Shipway,sshipwayep@ihg.com,Genderfluid,292-590-9503
531,Danila,Blaney,dblaneyeq@rediff.com,Polygender,119-921-8998
532,Rupert,Rosentholer,rrosentholerer@npr.org,Male,117-505-9535
533,Pennie,Wiggington,pwiggingtones@slashdot.org,Agender,467-453-4462
534,Gasparo,Pude,gpudeet@people.com.cn,Genderqueer,762-847-1498
535,Fabian,O' Lone,foloneeu@theglobeandmail.com,Male,208-525-5055
536,Osmund,Goodredge,ogoodredgeev@slashdot.org,Genderfluid,710-214-2798
537,Hartwell,Sawood,hsawoodew@columbia.edu,Female,804-696-0399
538,Consalve,McGarvie,cmcgarvieex@naver.com,Female,841-452-0008
539,Carr,Kopfer,ckopferey@biglobe.ne.jp,Agender,245-476-9975
540,Vinny,Coxhead,vcoxheadez@samsung.com,Polygender,980-342-5822
541,Ardra,Cockley,acockleyf0@fotki.com,Non-binary,663-279-6777
542,Harriett,Loughren,hloughrenf1@histats.com,Agender,972-928-3305
543,Sara-ann,Eastabrook,seastabrookf2@wordpress.com,Bigender,462-515-5224
544,Jerrome,Southan,jsouthanf3@europa.eu,Genderqueer,161-528-3700
545,Randee,Hartwell,rhartwellf4@instagram.com,Non-binary,755-323-0259
546,Magdalen,Trevance,mtrevancef5@myspace.com,Genderqueer,975-876-5449
547,Meyer,Gange,mgangef6@harvard.edu,Non-binary,296-910-3622
548,Sigrid,Twelves,stwelvesf7@t.co,Female,730-358-4923
549,Zita,Sturt,zsturtf8@un.org,Agender,304-905-5956
550,Inglis,Bickerstaffe,ibickerstaffef9@qq.com,Agender,690-458-1308
551,Corabelle,Vispo,cvispofa@twitpic.com,Genderqueer,714-790-9151
552,Concettina,Danielsky,cdanielskyfb@studiopress.com,Genderfluid,569-197-4959
553,Si,Reboul,sreboulfc@samsung.com,Polygender,151-845-3536
554,Daryl,Glanert,dglanertfd@flavors.me,Non-binary,164-488-6020
555,Martica,Ewdale,mewdalefe@gizmodo.com,Genderfluid,147-214-7917
556,Alfy,Fishlee,afishleeff@i2i.jp,Polygender,757-522-8887
557,Chiquia,Ower,cowerfg@tinyurl.com,Female,955-358-4945
558,Olivero,Licas,olicasfh@godaddy.com,Genderfluid,285-227-5567
559,Bill,Giraudo,bgiraudofi@liveinternet.ru,Genderqueer,599-904-1244
560,Westleigh,Blezard,wblezardfj@tinyurl.com,Genderqueer,784-510-2195
561,Jo,Demchen,jdemchenfk@dmoz.org,Polygender,797-647-6810
562,Shelden,Casino,scasinofl@oaic.gov.au,Agender,661-239-7316
563,Gus,Wimlett,gwimlettfm@state.gov,Agender,583-984-0884
564,Tomas,Probets,tprobetsfn@hud.gov,Genderqueer,722-221-6080
565,Jerry,Sailor,jsailorfo@cbsnews.com,Female,747-538-9871
566,Robinia,Lowen,rlowenfp@netscape.com,Genderqueer,978-308-9356
567,Cecil,Pollins,cpollinsfq@yale.edu,Agender,979-343-6107
568,Elicia,Laidlaw,elaidlawfr@pcworld.com,Genderfluid,979-890-0120
569,Dev,Rushton,drushtonfs@unesco.org,Male,148-103-9094
570,Marcile,Matz,mmatzft@nsw.gov.au,Genderfluid,333-861-7475
571,Allyson,Fenna,afennafu@noaa.gov,Genderfluid,714-910-9549
572,Zorana,Court,zcourtfv@nydailynews.com,Polygender,448-800-7844
573,Tilly,Baker,tbakerfw@youku.com,Genderqueer,957-733-5757
574,Idaline,Loffel,iloffelfx@mysql.com,Polygender,272-924-9185
575,Raimundo,Maund,rmaundfy@woothemes.com,Bigender,758-974-3859
576,Carmita,Macklam,cmacklamfz@issuu.com,Genderfluid,500-807-3520
577,Gaston,Di Frisco,gdifriscog0@tamu.edu,Male,969-640-6113
578,Zebedee,Waker,zwakerg1@google.nl,Genderfluid,614-821-4674
579,Hasheem,Berzins,hberzinsg2@sogou.com,Agender,387-971-7900
580,Rosalynd,Buscher,rbuscherg3@unicef.org,Female,924-626-9493
581,Valry,Lendon,vlendong4@pinterest.com,Polygender,856-503-8360
582,Tammie,Romeril,tromerilg5@plala.or.jp,Polygender,597-574-6168
583,Myer,Spridgen,mspridgeng6@whitehouse.gov,Female,796-563-7885
584,Cleon,Stowte,cstowteg7@state.tx.us,Genderqueer,313-344-4787
585,Melvyn,Cobbold,mcobboldg8@oracle.com,Agender,923-361-8981
586,Adina,Damant,adamantg9@oakley.com,Polygender,917-454-6816
587,Biddie,Hancox,bhancoxga@wikipedia.org,Polygender,447-834-2592
588,Merola,Duly,mdulygb@meetup.com,Genderfluid,103-659-6133
589,Ethelda,Hune,ehunegc@weebly.com,Polygender,492-981-6145
590,Hedda,McClary,hmcclarygd@fda.gov,Non-binary,983-959-8193
591,Silva,Tosney,stosneyge@a8.net,Female,722-378-2745
592,Bourke,Widd,bwiddgf@dropbox.com,Genderfluid,851-494-1083
593,Prudi,Trimble,ptrimblegg@foxnews.com,Bigender,330-917-6187
594,Janenna,Elcocks,jelcocksgh@about.com,Bigender,134-593-5118
595,Dominica,Lazenby,dlazenbygi@t-online.de,Non-binary,602-385-9751
596,Solomon,Dax,sdaxgj@diigo.com,Male,866-408-1265
597,Debi,Panas,dpanasgk@smugmug.com,Female,600-295-8190
598,Buffy,Kornacki,bkornackigl@jalbum.net,Genderqueer,554-261-3407
599,Kial,Dooland,kdoolandgm@liveinternet.ru,Female,724-222-8432
600,Gene,Broodes,gbroodesgn@nationalgeographic.com,Agender,478-197-5422
601,Jordanna,McWhan,jmcwhango@irs.gov,Female,803-410-4103
602,Jude,O'Hara,joharagp@typepad.com,Genderfluid,472-232-2900
603,Jemmy,Alaway,jalawaygq@shop-pro.jp,Agender,918-853-9573
604,Naoma,Woolfoot,nwoolfootgr@epa.gov,Non-binary,907-693-0767
605,Trescha,Went,twentgs@icio.us,Non-binary,678-580-9269
606,Orelie,Bills,obillsgt@nih.gov,Polygender,678-690-5680
607,Haily,Fetherstonhaugh,hfetherstonhaughgu@deliciousdays.com,Bigender,820-708-5851
608,Harbert,Hammell,hhammellgv@bloomberg.com,Agender,692-241-5654
609,Oates,Mathivet,omathivetgw@nationalgeographic.com,Bigender,979-218-3598
610,Farleigh,Cypler,fcyplergx@free.fr,Non-binary,382-201-5937
611,Fraser,Caselick,fcaselickgy@google.co.uk,Non-binary,865-620-1680
612,Gabriello,Milburne,gmilburnegz@wunderground.com,Bigender,912-363-6304
613,Franny,Jarratt,fjarratth0@cloudflare.com,Agender,384-930-8080
614,Milo,Cobden,mcobdenh1@cdc.gov,Male,458-819-9107
615,Mil,Ainslie,mainslieh2@meetup.com,Genderqueer,431-393-6906
616,Mord,Bolesworth,mbolesworthh3@vk.com,Male,811-217-4385
617,Marie-ann,Lohoar,mlohoarh4@nymag.com,Male,232-726-0758
618,Frederico,Pettko,fpettkoh5@de.vu,Bigender,948-672-1960
619,Dion,Harriman,dharrimanh6@nationalgeographic.com,Agender,877-450-1910
620,Chico,Giddy,cgiddyh7@pbs.org,Non-binary,832-709-7066
621,Ursulina,Raggitt,uraggitth8@forbes.com,Polygender,387-236-4597
622,Wilden,McDonogh,wmcdonoghh9@sfgate.com,Genderfluid,510-555-2324
623,Jo,Delves,jdelvesha@dot.gov,Agender,865-334-5236
624,Alon,Brittin,abrittinhb@w3.org,Genderqueer,713-849-6858
625,Frank,Huckett,fhucketthc@webs.com,Female,868-229-3186
626,Genni,Kiddle,gkiddlehd@auda.org.au,Agender,896-140-8396
627,Addie,McMenamie,amcmenamiehe@cam.ac.uk,Female,367-487-1435
628,Yorgos,Kells,ykellshf@merriam-webster.com,Genderqueer,744-988-5711
629,Vin,Pavolillo,vpavolillohg@parallels.com,Genderqueer,277-671-5912
630,Neille,Berrigan,nberriganhh@walmart.com,Polygender,815-179-3186
631,Jerrilyn,Atcheson,jatchesonhi@google.com,Female,882-600-9084
632,Etta,Jahnel,ejahnelhj@google.fr,Agender,138-446-7793
633,Franzen,Petrashkov,fpetrashkovhk@npr.org,Genderqueer,600-624-0442
634,Huntington,Howland,hhowlandhl@shareasale.com,Genderqueer,342-824-8900
635,Bevon,Callendar,bcallendarhm@java.com,Agender,295-186-4480
636,Lonni,Gyde,lgydehn@biblegateway.com,Agender,474-236-6203
637,Monique,Kadar,mkadarho@fda.gov,Polygender,213-331-0421
638,Ericka,Crickmer,ecrickmerhp@woothemes.com,Female,420-260-1806
639,Stephani,Folger,sfolgerhq@pbs.org,Polygender,516-541-5825
640,Dominique,Janoch,djanochhr@blogger.com,Agender,335-742-2335
641,Eunice,Hamments,ehammentshs@boston.com,Non-binary,572-561-1013
642,Myrtie,Dicky,mdickyht@thetimes.co.uk,Genderqueer,985-140-1154
643,Si,Walczynski,swalczynskihu@de.vu,Agender,426-963-3417
644,Rozella,Flewin,rflewinhv@marriott.com,Genderfluid,874-115-0681
645,Lotte,Worvell,lworvellhw@fotki.com,Non-binary,347-456-3197
646,Lina,Planque,lplanquehx@senate.gov,Agender,559-729-8608
647,Honey,Brittle,hbrittlehy@sciencedirect.com,Male,781-562-8784
648,Michell,Gaythwaite,mgaythwaitehz@pen.io,Female,927-281-5522
649,Marion,Coumbe,mcoumbei0@nps.gov,Genderqueer,172-317-8787
650,Daffy,Ibert,diberti1@yellowpages.com,Genderfluid,120-745-8467
651,Rem,Gittus,rgittusi2@marketwatch.com,Genderqueer,531-831-6622
652,Harriette,Garrie,hgarriei3@usatoday.com,Male,130-339-8539
653,Beverlee,Ewens,bewensi4@seattletimes.com,Agender,449-773-6238
654,Libbey,Bennell,lbennelli5@harvard.edu,Female,562-737-3935
655,Giulietta,Duferie,gduferiei6@networksolutions.com,Genderfluid,458-498-9105
656,Rebe,Wyldes,rwyldesi7@indiegogo.com,Female,606-919-4469
657,Lorri,Chiverton,lchivertoni8@hexun.com,Female,295-777-4053
658,Andrus,Loude,aloudei9@ifeng.com,Genderqueer,695-716-9552
659,Karry,Audritt,kaudrittia@pinterest.com,Genderqueer,160-247-1847
660,Kaia,Miebes,kmiebesib@biglobe.ne.jp,Non-binary,334-799-2465
661,Erma,Stendall,estendallic@thetimes.co.uk,Genderqueer,174-685-6925
662,Fedora,Sam,fsamid@unblog.fr,Male,320-159-5978
663,Thurston,Hassewell,thassewellie@shareasale.com,Agender,507-823-8699
664,Hewe,de Keep,hdekeepif@exblog.jp,Agender,555-133-8219
665,Xenia,Baptist,xbaptistig@meetup.com,Bigender,685-805-3707
666,Padriac,Baudouin,pbaudouinih@topsy.com,Female,322-177-0677
667,Sissie,Petersen,spetersenii@squarespace.com,Female,557-300-0687
668,Mignonne,Siddens,msiddensij@google.ca,Female,870-414-3344
669,Hilde,Titford,htitfordik@hugedomains.com,Genderqueer,364-898-0935
670,Kalina,Peplaw,kpeplawil@ameblo.jp,Bigender,711-418-4281
671,Ruby,Freiberg,rfreibergim@comcast.net,Genderfluid,525-394-8439
672,Loise,Royall,lroyallin@hubpages.com,Non-binary,967-343-2636
673,Millie,Matusiak,mmatusiakio@amazon.co.uk,Female,938-458-9163
674,Alameda,Toller,atollerip@businessweek.com,Bigender,401-449-3606
675,Beret,Spira,bspiraiq@godaddy.com,Agender,148-162-4339
676,Kale,Bluck,kbluckir@nhs.uk,Bigender,849-221-5566
677,Freida,Chazier,fchazieris@surveymonkey.com,Genderqueer,778-669-1628
678,Allin,Reece,areeceit@furl.net,Non-binary,706-395-6373
679,Brett,Dew,bdewiu@cocolog-nifty.com,Male,972-975-3987
680,Twila,Farrants,tfarrantsiv@washingtonpost.com,Male,842-336-9670
681,Helenka,Fearnside,hfearnsideiw@pcworld.com,Polygender,897-420-8627
682,Leone,Sicha,lsichaix@wordpress.org,Bigender,252-933-8108
683,Agnese,Ladewig,aladewigiy@bbb.org,Female,745-591-9224
684,Niko,Grave,ngraveiz@sciencedaily.com,Genderfluid,834-559-5691
685,Sabra,Mordaunt,smordauntj0@samsung.com,Non-binary,831-736-1280
686,Gabriele,Jeayes,gjeayesj1@weather.com,Polygender,286-356-1312
687,Regine,McGrey,rmcgreyj2@theglobeandmail.com,Bigender,729-840-7322
688,Atalanta,Perfitt,aperfittj3@dell.com,Genderqueer,752-847-3362
689,Eddi,Razzell,erazzellj4@goo.ne.jp,Genderqueer,523-960-2524
690,Waylin,Dinsmore,wdinsmorej5@phpbb.com,Non-binary,264-563-2047
691,Kerwin,Fetherston,kfetherstonj6@ycombinator.com,Non-binary,186-357-4914
692,Tyler,Rizon,trizonj7@engadget.com,Female,307-821-2630
693,Olympia,Leyborne,oleybornej8@businessinsider.com,Female,235-759-2953
694,Carolynn,Jobey,cjobeyj9@unicef.org,Genderqueer,580-227-9662
695,Berkie,Hiom,bhiomja@multiply.com,Female,224-927-8148
696,Arney,Rao,araojb@ask.com,Genderqueer,330-379-6087
697,Skippy,Irvin,sirvinjc@salon.com,Polygender,921-294-2606
698,Aigneis,Klimkin,aklimkinjd@ucla.edu,Non-binary,969-493-0860
699,Errick,M'Quharg,emquhargje@google.com.br,Polygender,216-448-8312
700,Deanne,Bleckly,dblecklyjf@gov.uk,Genderfluid,848-850-0227
701,Liz,Batterham,lbatterhamjg@fema.gov,Genderqueer,665-515-8629
702,Sherwynd,Malster,smalsterjh@tinypic.com,Male,482-124-7295
703,June,Doust,jdoustji@dell.com,Polygender,251-774-8257
704,Audie,Pettis,apettisjj@xing.com,Genderqueer,973-250-5087
705,Lou,McGonnell,lmcgonnelljk@example.com,Genderqueer,301-130-0842
706,Delainey,Risely,driselyjl@engadget.com,Bigender,145-510-1152
707,Agnesse,Mompesson,amompessonjm@toplist.cz,Polygender,372-745-8327
708,Ellie,Brame,ebramejn@dion.ne.jp,Female,647-705-8198
709,Inigo,Gauch,igauchjo@hugedomains.com,Bigender,522-825-4787
710,Giffy,Brickdale,gbrickdalejp@abc.net.au,Male,524-752-4228
711,Bryn,Bunford,bbunfordjq@time.com,Non-binary,361-117-9851
712,Goldie,Ledwidge,gledwidgejr@livejournal.com,Female,913-519-8686
713,Bond,Sweedy,bsweedyjs@scribd.com,Genderqueer,876-251-1083
714,Wylie,Woolstenholmes,wwoolstenholmesjt@nih.gov,Genderqueer,554-174-2666
715,Blithe,Caron,bcaronju@delicious.com,Polygender,750-254-6264
716,Nonnah,Ramsier,nramsierjv@dion.ne.jp,Polygender,449-290-3370
717,Skelly,Canland,scanlandjw@blogtalkradio.com,Polygender,743-476-7434
718,Madge,Kas,mkasjx@soup.io,Polygender,335-604-3046
719,Rafi,Hawley,rhawleyjy@plala.or.jp,Genderfluid,326-447-7193
720,Bobbie,O'Suaird,bosuairdjz@shinystat.com,Polygender,295-197-3634
721,Hedwig,Gronav,hgronavk0@printfriendly.com,Genderfluid,291-453-4132
722,Robin,Le Houx,rlehouxk1@bandcamp.com,Non-binary,679-275-8954
723,Michell,Kelcey,mkelceyk2@vk.com,Agender,613-173-9991
724,Cherie,Hallowes,challowesk3@dailymotion.com,Agender,906-965-8894
725,Darwin,Jiruca,djirucak4@rambler.ru,Genderfluid,772-669-8077
726,Elyn,Butterley,ebutterleyk5@chronoengine.com,Bigender,548-267-8762
727,Cathlene,Peeters,cpeetersk6@slate.com,Polygender,716-911-4386
728,Benson,Abbot,babbotk7@home.pl,Non-binary,164-775-8937
729,Christy,Venus,cvenusk8@economist.com,Non-binary,920-944-9393
730,Lemmy,O' Liddy,loliddyk9@mlb.com,Agender,882-866-2521
731,Illa,Binder,ibinderka@whitehouse.gov,Bigender,219-264-0402
732,Titus,Bilt,tbiltkb@foxnews.com,Female,418-803-5564
733,Nellie,Greet,ngreetkc@exblog.jp,Genderfluid,588-497-5707
734,Belicia,Hamlyn,bhamlynkd@instagram.com,Female,356-123-8393
735,Andrey,Gilhouley,agilhouleyke@loc.gov,Agender,933-359-3818
736,Karmen,Rockliffe,krockliffekf@quantcast.com,Male,456-342-8497
737,Dalis,Argente,dargentekg@wp.com,Genderfluid,783-475-5415
738,Pen,Swinglehurst,pswinglehurstkh@msn.com,Polygender,568-732-0218
739,Davina,Paulo,dpauloki@smh.com.au,Bigender,579-250-2372
740,Maury,Butland,mbutlandkj@ning.com,Bigender,595-378-8005
741,Jard,Frosdick,jfrosdickkk@economist.com,Polygender,678-604-6233
742,Baryram,Dransfield,bdransfieldkl@hp.com,Female,485-359-1566
743,Rozele,Lanmeid,rlanmeidkm@scribd.com,Male,299-577-1570
744,Giordano,Jarville,gjarvillekn@dion.ne.jp,Genderqueer,475-225-6752
745,Hanan,Mattsson,hmattssonko@ted.com,Male,430-793-0494
746,Hestia,Bennison,hbennisonkp@google.it,Non-binary,546-507-8337
747,Trina,Dessent,tdessentkq@timesonline.co.uk,Genderqueer,170-895-3511
748,Leontyne,Moulson,lmoulsonkr@amazon.de,Polygender,512-292-9457
749,Lorianne,Wickerson,lwickersonks@instagram.com,Polygender,295-171-1637
750,Alfonse,Dwyer,adwyerkt@zimbio.com,Genderfluid,357-743-1810
751,Winfield,Tolworthie,wtolworthieku@chicagotribune.com,Non-binary,181-161-1743
752,Oralle,Dedon,odedonkv@google.com.au,Bigender,736-940-2234
753,Aaren,Fishley,afishleykw@blinklist.com,Non-binary,577-299-7631
754,Kissie,Yearn,kyearnkx@pagesperso-orange.fr,Male,399-525-9600
755,Enoch,Kettoe,ekettoeky@census.gov,Polygender,958-474-8464
756,Dora,Findlow,dfindlowkz@usnews.com,Agender,359-132-2552
757,Shaun,Jeaffreson,sjeaffresonl0@rakuten.co.jp,Agender,121-459-3556
758,Clemmie,Talloe,ctalloel1@flickr.com,Agender,814-346-8281
759,Stanwood,Sincock,ssincockl2@prlog.org,Polygender,420-861-1128
760,Felisha,Sturte,fsturtel3@time.com,Female,642-896-7124
761,Marc,Swendell,mswendelll4@ask.com,Non-binary,653-144-4182
762,Ozzy,Pincott,opincottl5@topsy.com,Female,842-308-9769
763,Sharai,Dimont,sdimontl6@alexa.com,Polygender,570-151-0269
764,Erminia,Axon,eaxonl7@salon.com,Agender,383-823-9175
765,Annecorinne,McGragh,amcgraghl8@home.pl,Female,350-450-9022
766,Ali,Jurges,ajurgesl9@mozilla.com,Non-binary,874-947-9343
767,Pavlov,Frudd,pfruddla@gnu.org,Bigender,281-152-0624
768,Karlik,Frankland,kfranklandlb@ezinearticles.com,Female,883-125-4326
769,Cornelle,Chstney,cchstneylc@loc.gov,Genderqueer,884-298-5494
770,Suzette,Koppel,skoppelld@webeden.co.uk,Polygender,237-391-8010
771,Fergus,Montilla,fmontillale@infoseek.co.jp,Agender,358-849-1289
772,Carlen,Klemmt,cklemmtlf@ox.ac.uk,Agender,594-132-8411
773,Horace,Van de Vlies,hvandevlieslg@devhub.com,Male,859-556-2112
774,Ewart,Gee,egeelh@free.fr,Male,909-781-3944
775,Avrom,Comazzo,acomazzoli@amazonaws.com,Bigender,514-114-9275
776,Mindy,Randleson,mrandlesonlj@ebay.com,Polygender,231-432-8161
777,Gill,Guiducci,gguiduccilk@dedecms.com,Genderfluid,171-917-0330
778,Nicol,Diggell,ndiggellll@answers.com,Bigender,365-892-4374
779,Fabiano,Dyott,fdyottlm@eventbrite.com,Bigender,924-504-0522
780,Yelena,Patriskson,ypatrisksonln@reverbnation.com,Non-binary,333-859-1427
781,Alena,Elliot,aelliotlo@zimbio.com,Genderfluid,288-761-7522
782,Austen,Bryden,abrydenlp@amazon.co.uk,Polygender,502-735-9571
783,Abraham,Stockwell,astockwelllq@slate.com,Genderfluid,307-476-7740
784,Zorah,Bearfoot,zbearfootlr@cbsnews.com,Bigender,918-984-4966
785,Sisile,Siege,ssiegels@etsy.com,Non-binary,800-369-1469
786,Kit,Kinny,kkinnylt@reverbnation.com,Male,501-749-5899
787,Kimberli,Pelham,kpelhamlu@gov.uk,Male,115-189-9132
788,Rachelle,Irnis,rirnislv@wired.com,Bigender,326-940-1256
789,Alexis,Simmens,asimmenslw@a8.net,Agender,665-288-8586
790,Tammie,Huntingdon,thuntingdonlx@dyndns.org,Genderfluid,623-218-2222
791,Eden,Gilhouley,egilhouleyly@ask.com,Non-binary,652-471-3020
792,Sheffie,Mablestone,smablestonelz@rambler.ru,Female,490-883-3464
793,Maison,Wake,mwakem0@mapquest.com,Polygender,945-905-9031
794,Sherilyn,Dunnan,sdunnanm1@gov.uk,Non-binary,889-894-1831
795,Adamo,Jeacock,ajeacockm2@skype.com,Agender,491-606-0685
796,Leontine,Burdfield,lburdfieldm3@mayoclinic.com,Non-binary,961-772-7170
797,Loren,Idel,lidelm4@huffingtonpost.com,Polygender,264-157-4517
798,Gretel,MacShirie,gmacshiriem5@kickstarter.com,Non-binary,363-115-8182
799,Torr,Khadir,tkhadirm6@merriam-webster.com,Male,689-236-1716
800,Dosi,Thewlis,dthewlism7@smh.com.au,Bigender,287-854-8628
801,Timmi,Northover,tnorthoverm8@goodreads.com,Female,241-812-1900
802,Karie,O'Hogertie,kohogertiem9@alexa.com,Agender,216-923-9102
803,Wiatt,Tabram,wtabramma@nhs.uk,Female,233-632-4102
804,Stephannie,Pinner,spinnermb@vkontakte.ru,Non-binary,365-853-6956
805,Alyson,Boutwell,aboutwellmc@ezinearticles.com,Male,111-953-7653
806,Audrie,Chree,achreemd@blogtalkradio.com,Agender,655-547-7699
807,Marc,Postgate,mpostgateme@printfriendly.com,Genderqueer,699-761-4499
808,Halie,Ruoss,hruossmf@friendfeed.com,Female,220-684-3260
809,Koressa,Purves,kpurvesmg@wiley.com,Genderqueer,745-280-2120
810,Catha,Shorie,cshoriemh@stumbleupon.com,Bigender,202-409-2923
811,Georgianna,Lamb-shine,glambshinemi@gnu.org,Female,565-272-9402
812,Derek,Woolrich,dwoolrichmj@reuters.com,Polygender,977-801-3550
813,Yoshiko,Wyleman,ywylemanmk@quantcast.com,Polygender,537-770-6879
814,Heddi,Taffarello,htaffarelloml@pcworld.com,Agender,291-301-7417
815,Ogdan,Whitmell,owhitmellmm@shutterfly.com,Male,890-287-9221
816,Stefano,Saleway,ssalewaymn@disqus.com,Bigender,525-464-8423
817,Joby,Andrat,jandratmo@arizona.edu,Agender,723-978-2791
818,Mathias,Carnell,mcarnellmp@vk.com,Polygender,223-199-7606
819,Audrye,Deppen,adeppenmq@techcrunch.com,Genderfluid,809-247-1343
820,Cindi,Kleinstern,ckleinsternmr@youtube.com,Genderfluid,749-617-7497
821,Darrelle,Rumgay,drumgayms@blogtalkradio.com,Polygender,164-188-3364
822,Basilius,O'Crigan,bocriganmt@sohu.com,Female,348-348-1288
823,Casey,Emilien,cemilienmu@google.cn,Male,318-761-6848
824,Craig,Sharram,csharrammv@4shared.com,Polygender,357-132-1404
825,Andi,Jobling,ajoblingmw@printfriendly.com,Female,751-827-6785
826,Lorinda,Merrisson,lmerrissonmx@engadget.com,Genderqueer,251-978-8452
827,Tedmund,Puddicombe,tpuddicombemy@phoca.cz,Agender,979-748-9214
828,Huntlee,Aleevy,haleevymz@army.mil,Male,997-912-0439
829,Cynthy,Trowell,ctrowelln0@unesco.org,Male,160-996-6888
830,Traver,Orcott,torcottn1@narod.ru,Agender,905-391-6599
831,Lenora,Linscott,llinscottn2@weibo.com,Male,149-624-4048
832,Debor,Leaning,dleaningn3@flavors.me,Female,597-416-6136
833,Jodi,Fogg,jfoggn4@google.com.hk,Agender,221-420-7933
834,Karim,Standley,kstandleyn5@topsy.com,Genderqueer,111-759-6863
835,Miguela,De Carolis,mdecarolisn6@psu.edu,Polygender,337-901-6804
836,Marcia,Houndson,mhoundsonn7@army.mil,Polygender,667-736-3001
837,Sterne,Low,slown8@japanpost.jp,Non-binary,441-542-6756
838,Glenn,Chawkley,gchawkleyn9@seesaa.net,Polygender,606-132-5402
839,Janelle,Boole,jboolena@stanford.edu,Polygender,201-487-9433
840,Lissie,Brackley,lbrackleynb@businessinsider.com,Genderqueer,457-407-7844
841,Fern,Spuner,fspunernc@cornell.edu,Bigender,927-287-8185
842,Robbie,Swanson,rswansonnd@wordpress.org,Polygender,113-835-3341
843,Neda,Richarson,nricharsonne@sina.com.cn,Bigender,269-216-9412
844,Berenice,O'Sirin,bosirinnf@angelfire.com,Bigender,851-711-9170
845,Amaleta,De Paepe,adepaepeng@state.tx.us,Non-binary,829-456-2215
846,Tod,Coppen,tcoppennh@google.com.hk,Non-binary,949-862-3219
847,Lauri,Ronnay,lronnayni@instagram.com,Bigender,496-463-1131
848,Niko,Swainsbury,nswainsburynj@paginegialle.it,Female,649-626-6296
849,Cass,Top,ctopnk@taobao.com,Non-binary,693-826-0637
850,Alphonso,Gristock,agristocknl@naver.com,Agender,177-551-4941
851,Marlin,Van den Velden,mvandenveldennm@acquirethisname.com,Male,403-819-6631
852,Meta,MacColl,mmaccollnn@printfriendly.com,Genderqueer,124-949-3258
853,Aloise,Haskew,ahaskewno@flickr.com,Genderqueer,635-428-4083
854,Orv,McGaughie,omcgaughienp@naver.com,Genderqueer,101-496-0611
855,Gabrielle,Richemont,grichemontnq@disqus.com,Polygender,162-687-8769
856,Pall,Emeline,pemelinenr@shutterfly.com,Polygender,798-913-0774
857,Sumner,Kobel,skobelns@ask.com,Bigender,958-496-0010
858,Sandor,Exton,sextonnt@php.net,Agender,222-612-7677
859,Mellie,Iddon,middonnu@hc360.com,Bigender,136-385-7724
860,Cookie,Beveredge,cbeveredgenv@state.tx.us,Agender,593-236-9131
861,Diannne,Tourmell,dtourmellnw@bluehost.com,Agender,785-950-9040
862,Lisette,Orht,lorhtnx@yahoo.com,Polygender,731-212-8077
863,Opalina,Lynett,olynettny@bloglines.com,Female,232-811-4644
864,Lockwood,Court,lcourtnz@webeden.co.uk,Genderfluid,388-453-2083
865,Willetta,Bowley,wbowleyo0@walmart.com,Genderqueer,443-870-2476
866,Nicole,Balderson,nbaldersono1@epa.gov,Agender,396-854-7842
867,Elva,Shea,esheao2@google.co.uk,Female,358-272-3259
868,Ester,Dunkinson,edunkinsono3@irs.gov,Polygender,999-173-0873
869,Hastie,Ivanchikov,hivanchikovo4@wordpress.com,Genderfluid,282-837-7096
870,Brendon,Rockliffe,brockliffeo5@scribd.com,Genderqueer,863-139-2649
871,Malachi,Hudson,mhudsono6@cyberchimps.com,Bigender,432-539-2795
872,Boris,McMillian,bmcmilliano7@vimeo.com,Polygender,292-801-6534
873,Donovan,Greeves,dgreeveso8@sina.com.cn,Male,965-991-3446
874,Eric,Probin,eprobino9@theguardian.com,Non-binary,908-572-7803
875,Sandie,Vinas,svinasoa@japanpost.jp,Genderfluid,510-613-8053
876,Susanna,Broek,sbroekob@qq.com,Genderqueer,347-235-0181
877,Lavina,Mariyushkin,lmariyushkinoc@domainmarket.com,Male,116-135-5652
878,Odella,Fancett,ofancettod@skyrock.com,Genderfluid,198-567-7202
879,Finlay,Eilert,feilertoe@a8.net,Genderfluid,935-694-1715
880,Cherilynn,Frew,cfrewof@techcrunch.com,Agender,517-859-3714
881,Danita,Joseff,djoseffog@livejournal.com,Bigender,167-720-9902
882,Brocky,Hayley,bhayleyoh@goodreads.com,Genderfluid,950-572-2509
883,Shem,Paxton,spaxtonoi@e-recht24.de,Female,583-225-3551
884,Fleur,Schenkel,fschenkeloj@blogs.com,Bigender,917-478-1100
885,Garret,Banbridge,gbanbridgeok@prnewswire.com,Genderqueer,710-239-5027
886,Aubrey,Henke,ahenkeol@who.int,Genderfluid,323-210-5207
887,Goddart,Wilds,gwildsom@mashable.com,Agender,198-277-9640
888,Trefor,Mc Dermid,tmcdermidon@biglobe.ne.jp,Genderqueer,564-589-8035
889,Jamil,Reace,jreaceoo@jugem.jp,Polygender,660-918-4769
890,Kattie,Thurgood,kthurgoodop@issuu.com,Non-binary,800-611-4748
891,Hanni,Gioan,hgioanoq@si.edu,Polygender,915-856-2559
892,Bartlett,Shedden,bsheddenor@prweb.com,Non-binary,315-465-2435
893,Odo,Oene,ooeneos@wordpress.org,Female,924-661-0295
894,Ertha,Girardin,egirardinot@utexas.edu,Genderqueer,323-861-0748
895,Waly,Wormald,wwormaldou@vinaora.com,Male,222-820-2091
896,Borg,McLeod,bmcleodov@ca.gov,Bigender,524-795-3316
897,Simonne,Gayton,sgaytonow@jigsy.com,Bigender,520-975-1915
898,Erma,Allen,eallenox@woothemes.com,Bigender,885-730-9783
899,Dallas,Cicerone,dciceroneoy@vkontakte.ru,Bigender,839-927-4055
900,Marga,Thalmann,mthalmannoz@slate.com,Genderqueer,880-597-1017
901,Aveline,Shuttell,ashuttellp0@parallels.com,Male,840-605-9573
902,Renaldo,Croizier,rcroizierp1@blogs.com,Genderfluid,308-435-4853
903,Leilah,Nertney,lnertneyp2@wordpress.com,Male,514-402-8066
904,Thomasa,Secker,tseckerp3@digg.com,Male,795-856-4026
905,Cynde,Glassborow,cglassborowp4@icio.us,Genderfluid,831-740-6749
906,Silvain,Cattermoul,scattermoulp5@cbsnews.com,Genderqueer,386-109-0323
907,Johnathan,Matejovsky,jmatejovskyp6@etsy.com,Male,965-138-3828
908,Haily,Brockley,hbrockleyp7@indiatimes.com,Genderfluid,239-836-5761
909,Dannye,Blooman,dbloomanp8@seattletimes.com,Male,460-734-1605
910,Yank,McCaughey,ymccaugheyp9@wp.com,Female,276-732-0520
911,Jayme,Lansbury,jlansburypa@nsw.gov.au,Genderqueer,822-301-7807
912,Evonne,Harriott,eharriottpb@hp.com,Bigender,587-661-9501
913,Ida,Beves,ibevespc@sfgate.com,Female,287-975-1118
914,Ad,Bernardeschi,abernardeschipd@cmu.edu,Genderfluid,899-684-7491
915,Sibelle,Sevier,ssevierpe@tamu.edu,Non-binary,717-124-2125
916,Brian,Hatherell,bhatherellpf@geocities.jp,Genderqueer,462-283-1318
917,Butch,Grandisson,bgrandissonpg@cdbaby.com,Polygender,381-148-1389
918,Danya,Belch,dbelchph@weibo.com,Polygender,863-944-0600
919,Netti,McGaughay,nmcgaughaypi@paginegialle.it,Polygender,954-992-8842
920,Boy,Cadding,bcaddingpj@jiathis.com,Bigender,278-188-2274
921,Pavla,Kike,pkikepk@huffingtonpost.com,Male,993-851-6385
922,Dena,Masseo,dmasseopl@imdb.com,Polygender,473-931-3635
923,Josey,Mixter,jmixterpm@blinklist.com,Male,334-403-3367
924,Val,Beeckx,vbeeckxpn@webeden.co.uk,Genderqueer,565-338-5399
925,Lorita,O'Growgane,logrowganepo@ning.com,Bigender,103-185-8333
926,Keir,Dumphy,kdumphypp@paypal.com,Agender,929-544-2922
927,Orran,Trafford,otraffordpq@sakura.ne.jp,Genderfluid,257-363-6591
928,Idelle,Early,iearlypr@prweb.com,Male,437-828-9445
929,Allen,Spaughton,aspaughtonps@miitbeian.gov.cn,Non-binary,888-856-9329
930,Costanza,Sarrell,csarrellpt@homestead.com,Male,995-105-3939
931,Angeline,Toon,atoonpu@theguardian.com,Polygender,606-980-1541
932,Briney,Carme,bcarmepv@moonfruit.com,Male,352-163-5271
933,Joli,Harteley,jharteleypw@liveinternet.ru,Male,168-560-0077
934,Gino,Couttes,gcouttespx@prlog.org,Male,287-965-8371
935,Reba,Noonan,rnoonanpy@umich.edu,Genderqueer,214-737-7301
936,Daveen,Lynch,dlynchpz@yolasite.com,Genderfluid,646-242-0109
937,Tatiania,De Gowe,tdegoweq0@apple.com,Genderqueer,460-787-9645
938,Erhard,Lutz,elutzq1@php.net,Genderqueer,467-484-4719
939,Katrina,Minillo,kminilloq2@ehow.com,Agender,888-533-4417
940,Annice,Abrahamson,aabrahamsonq3@buzzfeed.com,Genderqueer,325-523-7682
941,Heloise,Killelay,hkillelayq4@imageshack.us,Agender,632-824-5385
942,Clay,Colloby,ccollobyq5@jiathis.com,Male,999-120-4181
943,Lauralee,Bockmann,lbockmannq6@posterous.com,Agender,477-755-8902
944,Fidelio,Bickersteth,fbickerstethq7@ning.com,Male,689-114-2549
945,Tanya,Leel,tleelq8@wufoo.com,Polygender,663-399-9788
946,Eduardo,Pikhno,epikhnoq9@ezinearticles.com,Genderqueer,546-317-3205
947,Lotty,Sate,lsateqa@ask.com,Agender,407-179-5494
948,Chadd,Dorgan,cdorganqb@slideshare.net,Genderfluid,578-513-7752
949,Rob,Dorward,rdorwardqc@linkedin.com,Genderqueer,522-630-7595
950,Gardy,Hauger,ghaugerqd@apple.com,Male,756-697-6175
951,Paddie,Pentony,ppentonyqe@exblog.jp,Polygender,569-694-0619
952,Elspeth,Bees,ebeesqf@biglobe.ne.jp,Genderfluid,599-608-2769
953,Denny,Barwis,dbarwisqg@fema.gov,Male,609-189-4123
954,Bobette,Kropp,bkroppqh@cornell.edu,Female,188-365-3060
955,Demetrius,Purshouse,dpurshouseqi@blogtalkradio.com,Male,486-807-0750
956,Margaretha,Jaze,mjazeqj@discuz.net,Agender,984-919-0707
957,Maggy,Scrivenor,mscrivenorqk@ebay.co.uk,Polygender,630-428-7012
958,Bernarr,Haggar,bhaggarql@fema.gov,Non-binary,949-903-6299
959,Darin,Shephard,dshephardqm@domainmarket.com,Non-binary,378-412-4596
960,Bernarr,Tozer,btozerqn@weather.com,Male,214-364-8015
961,Dari,Wildish,dwildishqo@cbc.ca,Genderfluid,554-375-0378
962,Katlin,Dysart,kdysartqp@taobao.com,Female,704-209-8769
963,Abigael,Boatwright,aboatwrightqq@tinyurl.com,Female,203-759-9019
964,Ardisj,Thomke,athomkeqr@reddit.com,Bigender,387-436-4560
965,Upton,Frill,ufrillqs@archive.org,Male,323-342-8768
966,Madelaine,Cleaves,mcleavesqt@wix.com,Agender,277-997-4937
967,Scott,Clewett,sclewettqu@smh.com.au,Male,526-345-7036
968,Tammy,Shawe,tshaweqv@reddit.com,Bigender,493-512-2414
969,Phil,Jeffrey,pjeffreyqw@ucoz.ru,Genderfluid,825-476-6790
970,Dominick,Cockman,dcockmanqx@cdbaby.com,Genderqueer,755-458-0977
971,Ugo,North,unorthqy@wix.com,Genderfluid,857-245-2488
972,Frants,McAreavey,fmcareaveyqz@fastcompany.com,Bigender,835-926-5173
973,Wynn,Boylund,wboylundr0@japanpost.jp,Polygender,827-750-2757
974,Verney,Tick,vtickr1@java.com,Genderqueer,644-522-9579
975,Amelia,Recher,arecherr2@weibo.com,Bigender,200-276-9768
976,Meris,Jatczak,mjatczakr3@wunderground.com,Bigender,466-428-7655
977,Billye,Willsmore,bwillsmorer4@goodreads.com,Polygender,523-171-7291
978,Archy,Bunch,abunchr5@nbcnews.com,Genderfluid,345-301-4162
979,Eduino,Beagin,ebeaginr6@ow.ly,Male,407-799-8838
980,Eddy,O'Lenane,eolenaner7@fastcompany.com,Female,651-196-2327
981,Rodi,Mathis,rmathisr8@simplemachines.org,Polygender,548-693-2838
982,Gabby,Henricsson,ghenricssonr9@smh.com.au,Agender,441-445-8837
983,Laurene,Boniface,lbonifacera@icio.us,Genderfluid,275-724-1688
984,Poul,Simonich,psimonichrb@bloglines.com,Non-binary,777-480-2697
985,Riva,Pinkstone,rpinkstonerc@usnews.com,Bigender,569-367-3772
986,Mel,Lyster,mlysterrd@utexas.edu,Female,981-698-6339
987,Beniamino,Lavelle,blavellere@webs.com,Agender,274-183-3530
988,Sandye,Girardi,sgirardirf@blogger.com,Genderqueer,692-781-5406
989,Aluino,O'Growgane,aogrowganerg@indiegogo.com,Genderfluid,502-980-2744
990,Kari,Esome,kesomerh@devhub.com,Genderqueer,481-651-2642
991,Juliane,Noddle,jnoddleri@cpanel.net,Bigender,721-551-0558
992,Levin,Douse,ldouserj@usda.gov,Genderfluid,944-148-4181
993,Hugues,Goodred,hgoodredrk@nasa.gov,Female,601-517-1549
994,Dalli,Eykel,deykelrl@stumbleupon.com,Male,467-392-4161
995,Maia,Samter,msamterrm@irs.gov,Non-binary,821-484-7650
996,Jilly,Stanway,jstanwayrn@issuu.com,Male,990-437-5567
997,Elaine,Ell,eellro@uol.com.br,Agender,905-725-2044
998,Randolph,Oxlee,roxleerp@symantec.com,Bigender,231-637-7941
999,Elsinore,Otson,eotsonrq@usgs.gov,Female,931-233-4511
1000,Willie,Jacomb,wjacombrr@stumbleupon.com,Bigender,179-418-0440
